"DESCRIPTION","DURATION IN MS","NAME","PARENT SUITE","START TIME","STATUS","STOP TIME","SUB SUITE","SUITE","TEST CLASS","TEST METHOD"
"","58648","админский режим показывает отметки всех участников круга","browser-non-matching","2026-10-10","passed","2026-10-10","","","",""
"","8179","кнопка ✕ закрывает тост","browser-non-matching","2026-10-10","passed","2026-10-10","","","",""
"","13328","правка после проверки видна разницей и снимается «Правка проверена»","browser-non-matching","2026-10-10","passed","2026-10-10","","","",""
"","2480","эпоха использует одинаковое состояние для hover и выбора без tooltip","browser-non-matching","2026-10-10","passed","2026-10-10","Лента времени — геометрия > hover и выбор","","",""
"","17107","запись на книгу получает числовой ранг сразу и переживает reload","browser-non-matching","2026-10-10","passed","2026-10-10","Обязательный ранг у каждой записи (mandatory book ranks)","","",""
"","6886","изменение имени отображается сразу в интерфейсе","browser-non-matching","2026-10-10","passed","2026-10-10","ProfileDrawer — редактирование профиля","","",""
"","10199","изменение описания тега ""государство"" отображается в каталоге","browser-non-matching","2026-10-10","passed","2026-10-10","Редактирование тега в админке","","",""
"","3880","на 375 px лента скрыта, виден вертикальный список","browser-non-matching","2026-10-10","passed","2026-10-10","Лента времени — геометрия","","",""
"","2548","интервал тянет активную область от линии до оси и сбрасывает hover колесом","browser-non-matching","2026-10-10","passed","2026-10-10","Лента времени — геометрия > hover и выбор","","",""
"","2238","кнопка входа видна неавторизованному пользователю","browser-non-matching","2026-10-10","passed","2026-10-10","","","",""
"","7571","гость добавляет и снимает реакцию с сохранением после перезагрузки","browser-non-matching","2026-10-10","passed","2026-10-10","Реакция «Полезно» для саммари","","",""
"","50366","администратор добавляет твёрдый выбор просматриваемому участнику, а не себе","matching-golden","2026-10-10","passed","2026-10-10","","","",""
"","13447","скрытие с причиной: подборка уходит в скрытые, гость получает 404","browser-non-matching","2026-10-10","passed","2026-10-10","","","",""
"","7204","тост появляется после второй книги","browser-non-matching","2026-10-10","passed","2026-10-10","","","",""
"","4010","десктоп: sticky-рукав держится во вьюпорте и подсвечивает секцию","browser-non-matching","2026-10-10","passed","2026-10-10","Оглавление саммари (TOC)","","",""
"","7154","кнопка «Открыть» закрывает тост и открывает профиль","browser-non-matching","2026-10-10","passed","2026-10-10","","","",""
"","3056","десктоп: без оглавления статья сохраняет читательскую ширину","browser-non-matching","2026-10-10","passed","2026-10-10","Оглавление саммари (TOC)","","",""
"","9224","закрытие inline-редактора с несохранёнными правками показывает confirm","browser-non-matching","2026-10-10","passed","2026-10-10","AdminPanel — вкладка «Каталог»","","",""
"","3514","submitted-by-member badge does not create horizontal overflow on mobile tap","browser-non-matching","2026-10-10","passed","2026-10-10","Home submit book CTA layout","","",""
"","13376","поиск открывает drawer со всеми секциями пользователя","browser-non-matching","2026-10-10","passed","2026-10-10","админка — пользователи и фидбеки","","",""
"","4837","находит книгу по названию, очистка возвращает каталог, пустой результат показывает «Ничего не найдено»","browser-non-matching","2026-10-10","passed","2026-10-10","поиск по книгам","","",""
"","18440","изменение статуса книги на ""Читаем"" сохраняется после перезагрузки","browser-non-matching","2026-10-10","passed","2026-10-10","AdminPanel — изменение статуса книги","","",""
"","7502","переключение типа не двигает подписи оставшегося типа","browser-non-matching","2026-10-10","passed","2026-10-10","Лента времени — геометрия","","",""
"","14196","смена статуса перемещает книгу между секциями и сохраняется после reload","browser-non-matching","2026-10-10","passed","2026-10-10","ProfileDrawer — Мои книги (три секции по personal_status)","","",""
"","8282","прикрепление включает выключенный слой эпох и сохраняется после reload","browser-non-matching","2026-10-10","passed","2026-10-10","Лента времени — правка на полотне","","",""
"","6217","удаление используемого типа показывает понятную ошибку, а не падение","browser-non-matching","2026-10-10","passed","2026-10-10","AdminPanel — вкладка «Ленты времени»","","",""
"","7699","гость и вошедший участник при закрытой сессии не видят полосу","matching-golden","2026-10-10","passed","2026-10-10","","","",""
"","55146","попап клетки на телефоне не выходит за экран","browser-non-matching","2026-10-10","passed","2026-10-10","Геометрия календаря круга","","",""
"","8458","успешная отправка: полная заявка → подтверждение → закрытие","browser-non-matching","2026-10-10","passed","2026-10-10","","","",""
"","63715","администратор отправляет круг читать и возвращает его после reload","matching-golden","2026-10-10","passed","2026-10-10","","","",""
"","2394","на высоком экране расстояние между занятыми дорожками становится больше базового","browser-non-matching","2026-10-10","passed","2026-10-10","Лента времени — геометрия","","",""
"","50778","formed assignment guards shortlist removal and leaving the session","matching-integration","2026-10-10","passed","2026-10-10","","","",""
"","49869","актуальный шорт-лист меняется live: conditional снимается, hard защищён, свободный участник может выйти","matching-golden","2026-10-10","passed","2026-10-10","","","",""
"","7729","форма создания предлагает тег из закрытого списка, а не свободный ввод","browser-non-matching","2026-10-10","passed","2026-10-10","AdminPanel — выбор тега книги","","",""
"","14571","тег редактируется через select из существующих и сохраняется после перезагрузки","browser-non-matching","2026-10-10","passed","2026-10-10","AdminPanel — выбор тега книги","","",""
"","10367","мутация книги через обёрнутый роут отображается в журнале после reload","browser-non-matching","2026-10-10","passed","2026-10-10","Журнал аудита","","",""
"","2377","неопубликованная лента неавторизованному отдаёт 404","browser-non-matching","2026-10-10","passed","2026-10-10","Лента времени — публичный просмотр","","",""
"","2518","подписи соседних событий не накладываются друг на друга","browser-non-matching","2026-10-10","passed","2026-10-10","Лента времени — геометрия","","",""
"","3762","админу список показывает черновик с пометкой","browser-non-matching","2026-10-10","passed","2026-10-10","Лента времени — публичный просмотр","","",""
"","18803","автор собирает черновик, автосохранение переживает перезагрузку, подборка уходит на проверку","browser-non-matching","2026-10-10","passed","2026-10-10","","","",""
"","7391","[SEC] не-админ не может вызвать /api/admin/books","browser-non-matching","2026-10-10","passed","2026-10-10","AdminPanel — вкладка «Каталог»","","",""
"","66230","два твёрдых выбора и одно условное формируют круг во всех независимых контекстах","matching-golden","2026-10-10","passed","2026-10-10","","","",""
"","10856","перестановка текстов автором не отправляет подборку на проверку","browser-non-matching","2026-10-10","passed","2026-10-10","","","",""
"","41486","admin demand metrics tooltip stays inside the viewport","matching-golden","2026-10-10","passed","2026-10-10","Matching canonical book board layout","","",""
"","10691","вошедший участник видит полосу открытого матчинга, переходит по ней и сохраняет закрытие","matching-golden","2026-10-10","passed","2026-10-10","","","",""
"","14040","владелец публикует новую подборку, и она остаётся опубликованной после перезагрузки","browser-non-matching","2026-10-10","passed","2026-10-10","","","",""
"","7685","неавторизованный ответ не содержит непривязанные элементы общей базы","browser-non-matching","2026-10-10","passed","2026-10-10","Лента времени — правка на полотне","","",""
"","8276","details rail spans the open block and only the rail collapses body text","browser-non-matching","2026-10-10","passed","2026-10-10","Summary editor layout","","",""
"","3082","helpful footer stays below the summary body without hydration shift","browser-non-matching","2026-10-10","passed","2026-10-10","Summary editor layout","","",""
"","13714","возврат книги из «Читаю» в «Хочу читать» ставит её в конец без приоритета","browser-non-matching","2026-10-10","passed","2026-10-10","ProfileDrawer — Мои книги (три секции по personal_status)","","",""
"","12596","новый пользователь заполняет профиль и записывается на книгу","browser-non-matching","2026-10-10","passed","2026-10-10","","","",""
"","10840","админ редактирует свою секцию — изменение сохраняется после reload и видно на главной","browser-non-matching","2026-10-10","passed","2026-10-10","AdminPanel — вкладка «Интро»","","",""
"","5011","профиль показывает @username вместо email","browser-non-matching","2026-10-10","passed","2026-10-10","Авторизация через Telegram","","",""
"","2599","баннер виден на /?auth=failed и скрыт на /","browser-non-matching","2026-10-10","passed","2026-10-10","AuthErrorBanner: conditional render","","",""
"","43902","участник отправляет саммари, админ публикует, публичная страница показывает текст","browser-non-matching","2026-10-10","passed","2026-10-10","Саммари книг","","",""
"","7112","на телефоне тексты идут одной колонкой, номер над карточкой, десктопной сетки не видно","browser-non-matching","2026-10-10","passed","2026-10-10","","","",""
"","13589","вкладка фидбеков показывает фильтры, поиск и открывает пользователя","browser-non-matching","2026-10-10","passed","2026-10-10","админка — пользователи и фидбеки","","",""
"","1346","book search input uses iOS-safe font size on mobile","browser-non-matching","2026-10-10","passed","2026-10-10","Home submit book CTA layout","","",""
"","2428","клик по событию показывает карточку с его описанием","browser-non-matching","2026-10-10","passed","2026-10-10","Лента времени — публичный просмотр","","",""
"","7070","тост не появляется после первой книги","browser-non-matching","2026-10-10","passed","2026-10-10","","","",""
"","3883","список показывает опубликованную ленту и скрывает черновик","browser-non-matching","2026-10-10","passed","2026-10-10","Лента времени — публичный просмотр","","",""
"","4482","кнопка обновляет все виджеты без перезагрузки страницы","browser-non-matching","2026-10-10","passed","2026-10-10","админка — виджеты подвала","","",""
"","1684","header и filter bar видны вверху и прячутся при скролле вниз","browser-non-matching","2026-10-10","passed","2026-10-10","Header: hide on scroll","","",""
"","9277","прикрепление делает событие нового типа видимым и сохраняет его после reload","browser-non-matching","2026-10-10","passed","2026-10-10","Лента времени — правка на полотне","","",""
"","8471","правка общего названия сохраняется в общей базе","browser-non-matching","2026-10-10","passed","2026-10-10","Лента времени — правка на полотне","","",""
"","8791","языки чтения сохраняются после перезагрузки страницы","browser-non-matching","2026-10-10","passed","2026-10-10","ProfileDrawer — редактирование профиля","","",""
"","1660","разворачивание и сворачивание описания (roundtrip)","browser-non-matching","2026-10-10","passed","2026-10-10","карточка книги — разворачивание описания","","",""
"","2423","подпись эпохи остаётся внутри своей полосы","browser-non-matching","2026-10-10","passed","2026-10-10","Лента времени — геометрия","","",""
"","57754","сетка помещается в экран на десктопе и на телефоне","browser-non-matching","2026-10-10","passed","2026-10-10","Геометрия календаря круга","","",""
"","3554","мобилка: sticky-бар открывает лист и скроллит","browser-non-matching","2026-10-10","passed","2026-10-10","Оглавление саммари (TOC)","","",""
"","3136","выбор события переживает перезагрузку страницы как чистое состояние","browser-non-matching","2026-10-10","passed","2026-10-10","Лента времени — публичный просмотр","","",""
"","14095","админ сливает source в target, после reload source исчезает, target сохраняет запись","browser-non-matching","2026-10-10","passed","2026-10-10","Admin: слияние дублей пользователей","","",""
"","13003","переключатель публикации: снятая лента отдаёт гостю 404, возвращённая снова открывается","browser-non-matching","2026-10-10","passed","2026-10-10","AdminPanel — вкладка «Ленты времени»","","",""
"","7980","дорожка эпохи правится на полотне, ставит полосу на нужную строку и переживает reload","browser-non-matching","2026-10-10","passed","2026-10-10","Лента времени — правка на полотне","","",""
"","1298","на мобильном (390×800) каталог-мобайл виден, каталог-десктоп и переключатель вида скрыты","browser-non-matching","2026-10-10","passed","2026-10-10","BookCardMobile: responsive layout","","",""
"","7486","картинка превью опубликованной подборки отдаётся как PNG и подключена в метаданных","browser-non-matching","2026-10-10","passed","2026-10-10","","","",""
"","1967","header и filter bar появляются при скролле вверх","browser-non-matching","2026-10-10","passed","2026-10-10","Header: hide on scroll","","",""
"","2380","клик по эпохе показывает её карточку","browser-non-matching","2026-10-10","passed","2026-10-10","Лента времени — публичный просмотр","","",""
"","15752","админ переводит книгу в «Читаю» — книга уходит в секцию Читаю, статус сохраняется после reload","browser-non-matching","2026-10-10","passed","2026-10-10","Admin: смена personalStatus книги за пользователя","","",""
"","28463","администратор сохраняет общую Markdown-инструкцию, видимую участни:це после reload","matching-golden","2026-10-10","passed","2026-10-10","","","",""
"","2418","опубликованная лента открывается без входа и показывает события","browser-non-matching","2026-10-10","passed","2026-10-10","Лента времени — публичный просмотр","","",""
"","4193","неопубликованная лента открывается админу с пометкой «черновик»","browser-non-matching","2026-10-10","passed","2026-10-10","Лента времени — публичный просмотр","","",""
"","2540","клик по видимому событию не меняет диапазон","browser-non-matching","2026-10-10","passed","2026-10-10","Лента времени — геометрия","","",""
"","2330","неавторизованный пользователь перенаправляется с /admin на главную","browser-non-matching","2026-10-10","passed","2026-10-10","панель администратора — доступ","","",""
"","6560","автор не может удалить опубликованную подборку","browser-non-matching","2026-10-10","passed","2026-10-10","","","",""
"","2918","ссылка «Подборки» в шапке видна на десктопе и телефоне и ведёт на /collections","browser-non-matching","2026-10-10","passed","2026-10-10","","","",""
"","6089","авторизованный: форма открывается по кнопке и закрывается (крестик / оверлей)","browser-non-matching","2026-10-10","passed","2026-10-10","","","",""
"","1758","google provider badge stays anchored to the button and opens secondary methods automatically","browser-non-matching","2026-10-10","passed","2026-10-10","Auth modal remembered provider hint","","",""
"","21823","повторный submit заменяет список книг, а не добавляет к старому","browser-non-matching","2026-10-10","passed","2026-10-10","","","",""
"","1703","тоггл переключает grid ↔ table в обе стороны","browser-non-matching","2026-10-10","passed","2026-10-10","переключение вида отображения","","",""
"","11591","владелец удаляет опубликованную подборку","browser-non-matching","2026-10-10","passed","2026-10-10","","","",""
"","10579","новый сезон возвращает полосу, даже если прошлый закрывали","matching-golden","2026-10-10","passed","2026-10-10","","","",""
"","8938","админ видит только типы и ленты, созданный тип сохраняется после перезагрузки","browser-non-matching","2026-10-10","passed","2026-10-10","AdminPanel — вкладка «Ленты времени»","","",""
"","17223","снятие записи на книгу сохраняется после reload","browser-non-matching","2026-10-10","passed","2026-10-10","админка — пользователи и фидбеки","","",""
"","2459","переключение эпох не двигает ось и подписи событий","browser-non-matching","2026-10-10","passed","2026-10-10","Лента времени — геометрия","","",""
"","2748","легенда локально скрывает тип событий и сбрасывается после перезагрузки","browser-non-matching","2026-10-10","passed","2026-10-10","Лента времени — публичный просмотр","","",""
"","9707","правки опубликованной видны читателю только после «Опубликовать правки»","browser-non-matching","2026-10-10","passed","2026-10-10","","","",""
"","55519","книжные назначения и lifecycle аудируются, а heartbeat не создаёт шум @matching-golden","matching-golden","2026-10-10","passed","2026-10-10","","","",""
"","70853","concurrent thresholds assign a conditional participant exactly once","matching-integration","2026-10-10","passed","2026-10-10","","","",""
"","2632","превью изображения крупное и открывает полноэкранный просмотр","browser-non-matching","2026-10-10","passed","2026-10-10","Лента времени — геометрия","","",""
"","11761","два одновременных сохранения рангов не конфликтуют","browser-non-matching","2026-10-10","passed","2026-10-10","ProfileDrawer — Мои книги (три секции по personal_status)","","",""
"","18965","Wikipedia-вставка: автор добавляет через тулбар, превью прелоадит, публичная страница показывает, при ошибке остаётся фолбэк","browser-non-matching","2026-10-10","passed","2026-10-10","Саммари книг","","",""
"","1439","submit book button is compact on mobile","browser-non-matching","2026-10-10","passed","2026-10-10","Home submit book CTA layout","","",""
"","5448","ContactsForm не появляется — профиль сохраняется автоматически","browser-non-matching","2026-10-10","passed","2026-10-10","Авторизация через Telegram","","",""
"","109038","one participant is assigned to two formed books and assignment clears remaining auto-enrolments","matching-integration","2026-10-10","passed","2026-10-10","","","",""
"","6454","telegram-only auth methods show a useful linked state without unlink controls","browser-non-matching","2026-10-10","passed","2026-10-10","ProfileDrawer: auth methods layout","","",""
"","14064","гость нажимает «Хочу читать», входит — и книга в его списке","browser-non-matching","2026-10-10","passed","2026-10-10","","","",""
"","14291","одобрение заявки автоматически записывает автора на предложенную книгу","browser-non-matching","2026-10-10","passed","2026-10-10","","","",""
"","6873","on mobile the strip fits the viewport, hides close and stays between header and intro","browser-non-matching","2026-10-10","passed","2026-10-10","Matching strip layout","","",""
"","23075","one book board without mode tabs fits desktop and mobile","matching-golden","2026-10-10","passed","2026-10-10","Matching canonical book board layout","","",""
"","7033","тост не показывается повторно если флаг уже установлен","browser-non-matching","2026-10-10","passed","2026-10-10","","","",""
"","12933","на широком десктопе (1440 px): четыре карточки в ряд шириной как в каталоге, одной высоты, описание в колонке 760 px","browser-non-matching","2026-10-10","passed","2026-10-10","","","",""
"","2015","404 на телефоне: обрывок снизу, кнопка во всю ширину прижата вниз и ведёт на главную","browser-non-matching","2026-10-10","passed","2026-10-10","","","",""
"","66854","администратор возвращает одного читателя в подбор, не разбирая круг","matching-golden","2026-10-10","passed","2026-10-10","","","",""
"","4283","авторизованный не-admin перенаправляется с /admin на главную","browser-non-matching","2026-10-10","passed","2026-10-10","панель администратора — доступ","","",""
"","2443","изменение масштаба вправе менять координаты подписей","browser-non-matching","2026-10-10","passed","2026-10-10","Лента времени — геометрия","","",""
"","9208","drawer slides in from the right within viewport bounds","browser-non-matching","2026-10-10","passed","2026-10-10","Admin user drawer layout","","",""
"","11123","inline-редактор раскрывается ниже строки книги и имеет ненулевой размер","browser-non-matching","2026-10-10","passed","2026-10-10","Admin Catalog: section + editor layout","","",""
"","3292","полностью ушедшие за край события отсутствуют в DOM","browser-non-matching","2026-10-10","passed","2026-10-10","Лента времени — геометрия","","",""
"","16210","запись со страницы подборки не стирает прежние книги","browser-non-matching","2026-10-10","passed","2026-10-10","","","",""
"","75330","участники отмечают общий слот и назначают встречу после reload","browser-non-matching","2026-10-10","passed","2026-10-10","","","",""
"","2399","на 1280 px видна лента, вертикальный список скрыт","browser-non-matching","2026-10-10","passed","2026-10-10","Лента времени — геометрия","","",""
"","87184","условный выбор очищается после окончательной записи, а несколько твёрдых выборов сохраняются","matching-golden","2026-10-10","passed","2026-10-10","","","",""
"","1650","admin sitemap page lists site routes","browser-non-matching","2026-10-10","passed","2026-10-10","","","",""
"","1249","на десктопе (1280×900) каталог-десктоп виден, каталог-мобайл скрыт","browser-non-matching","2026-10-10","passed","2026-10-10","BookCardMobile: responsive layout","","",""
"","15025","выключенный блок не показывается, включённый — показывается после перезагрузки","browser-non-matching","2026-10-10","passed","2026-10-10","","","",""
"","20547","создание скрытой книги, публикация и скрытие сохраняются после перезагрузки","browser-non-matching","2026-10-10","passed","2026-10-10","AdminPanel — вкладка «Каталог»","","",""
"","5147","textarea авто-растёт под введённый текст (теги и интро)","browser-non-matching","2026-10-10","passed","2026-10-10","Admin tab layout states","","",""
"","20534","возврат книги из «Читаю» в «Хочу читать» восстанавливает ранг в конце списка после reload","browser-non-matching","2026-10-10","passed","2026-10-10","Обязательный ранг у каждой записи (mandatory book ranks)","","",""
"","12035","admin moderation keeps the slug field and summary ID visible","browser-non-matching","2026-10-10","passed","2026-10-10","Summary editor layout","","",""
"","8236","форматирование не меняет прокрутку и сохраняет выделенный текст","browser-non-matching","2026-10-10","passed","2026-10-10","Summary editor layout","","",""
"","3587","неавторизованный: клик «Предложить книгу» открывает форму входа","browser-non-matching","2026-10-10","passed","2026-10-10","","","",""
"","18810","таблица по книгам сортируется по числу записей и названию","browser-non-matching","2026-10-10","passed","2026-10-10","AdminPanel — изменение статуса книги","","",""
"","15266","удалённый пользователь не появляется после перезагрузки страницы","browser-non-matching","2026-10-10","passed","2026-10-10","Удаление пользователя в админке","","",""
"","4649","обычный пользователь не видит ссылку /admin на главной","browser-non-matching","2026-10-10","passed","2026-10-10","панель администратора — доступ","","",""
"","18119","приоритеты сохраняются и после reload читаются по bookId","browser-non-matching","2026-10-10","passed","2026-10-10","","","",""
"","6831","открепление не удаляет событие из общей базы","browser-non-matching","2026-10-10","passed","2026-10-10","Лента времени — правка на полотне","","",""
"","6082","book sort arrow stays on the same line as header text","browser-non-matching","2026-10-10","passed","2026-10-10","Admin tab layout states","","",""
"","5602","вставка вне withAuditContext помечается «внесистемным» в журнале","browser-non-matching","2026-10-10","passed","2026-10-10","Журнал аудита","","",""
"","157","404 на десктопе: разворот в две колонки, обрывок справа","browser-non-matching","2026-10-10","passed","2026-10-10","","","",""
"","2783","выбранный вид сохраняется после перезагрузки страницы","browser-non-matching","2026-10-10","passed","2026-10-10","переключение вида отображения","","",""
"","2611","точечное событие сохраняет геометрию подписи и одинаково подсвечивается","browser-non-matching","2026-10-10","passed","2026-10-10","Лента времени — геометрия > hover и выбор","","",""
"","49573","админская вкладка матчинга показывает спрос по книгам и сохраняет подвкладку после reload","matching-golden","2026-10-10","passed","2026-10-10","","","",""
"","29650","закрытая matching-сессия не блокирует статус и сохраняет historical hard intent","browser-non-matching","2026-10-10","passed","2026-10-10","Admin: смена personalStatus книги за пользователя","","",""
"","6505","обёрнутая мутация пишет реального actor, а не source=trigger","browser-non-matching","2026-10-10","passed","2026-10-10","Reconciliation аудита","","",""
"","2565","панорамирование сдвигает все подписи одинаково и не меняет дорожки","browser-non-matching","2026-10-10","passed","2026-10-10","Лента времени — геометрия","","",""
"","5328","после логина пользователь авторизован — кнопки входа нет","browser-non-matching","2026-10-10","passed","2026-10-10","","","",""
"","6486","скрытие убирает событие с полотна, но оставляет в общей базе и связи","browser-non-matching","2026-10-10","passed","2026-10-10","Лента времени — правка на полотне","","",""
"","8471","гость видит опубликованную подборку: автор, ссылка, без статусов клуба и скрытых книг","browser-non-matching","2026-10-10","passed","2026-10-10","","","",""
"","2794","admin sitemap redirects non-admins","browser-non-matching","2026-10-10","passed","2026-10-10","","","",""
"","8844","админ создаёт событие на странице, после reload оно остаётся на полотне","browser-non-matching","2026-10-10","passed","2026-10-10","Лента времени — правка на полотне","","",""
"","7917","menu opens below tapped row and toggles closed on second tap","browser-non-matching","2026-10-10","passed","2026-10-10","ProfileDrawer: status accordion menu","","",""
"","26301","карусель: около 3,35 карточки на десктопе, 82% на телефоне, стрелки у краёв","browser-non-matching","2026-10-10","passed","2026-10-10","","","",""
"","2557","сегодня пересекает полотно и эпохи, а продолжающийся интервал заканчивается на этой линии","browser-non-matching","2026-10-10","passed","2026-10-10","Лента времени — геометрия","","",""
"","32820","переключатель авторов показывает одно саммари за раз и хранит выбор в URL","browser-non-matching","2026-10-10","passed","2026-10-10","Саммари книг","","",""
"","3379","полоса эпохи шире, чем отрезок события внутри неё","browser-non-matching","2026-10-10","passed","2026-10-10","Лента времени — геометрия","","",""
"","84190","администратор меняет круги, назначения и lifecycle с сохранением после reload","matching-golden","2026-10-10","passed","2026-10-10","","","",""
"","7108","раскрывается во внутренний скролл и сдвигает следующий абзац","browser-non-matching","2026-10-10","passed","2026-10-10","Wikipedia summary widget layout","","",""
"","16278","удаление пользователя закрывает drawer и убирает строку","browser-non-matching","2026-10-10","passed","2026-10-10","админка — пользователи и фидбеки","","",""
"","7091","main markdown field reads as a large writing page","browser-non-matching","2026-10-10","passed","2026-10-10","Summary editor layout","","",""
"","31068","closed book session remains readable, rejects participant actions, and can reopen","matching-integration","2026-10-10","passed","2026-10-10","","","",""
